Fecha,Último valor conocido,Predicción,Cambio porcentual,Señal
2025-07-23,2.880000114440918,2.8704423358161186,-0.3318673001738665,VENTA
