Fecha,Último valor conocido,Predicción,Cambio porcentual,Señal
2026-02-04,4.880000114440918,4.766111773488825,-2.3337774237970543,VENTA
