Fecha,Último valor conocido,Predicción,Cambio porcentual,Señal
2026-04-07,4.420000076293945,4.142369979616149,-6.281223798316815,VENTA
