Fecha,Último valor conocido,Predicción,Cambio porcentual,Señal
2025-12-05,4.210000038146973,4.011920313665086,-4.704981536510186,VENTA
