Fecha,Último valor conocido,Predicción,Cambio porcentual,Señal
2026-05-02,4.400000095367432,4.2834072865571144,-2.6498365064371856,VENTA
