Fecha,Último valor conocido,Predicción,Cambio porcentual,Señal
2026-03-26,4.320000171661377,4.023097468977751,-6.8727474742077135,VENTA
