Fecha,Último valor conocido,Predicción,Cambio porcentual,Señal
2025-06-12,2.819999933242798,2.784945308985924,-1.2430718115855977,VENTA
