Fecha,Último valor conocido,Predicción,Cambio porcentual,Señal
2025-05-29,2.799999952316284,2.730990776453666,-2.4646134656370497,VENTA
