Fecha,Último valor conocido,Predicción,Cambio porcentual,Señal
2026-05-16,4.010000228881836,4.134964278806252,3.1163102940585485,COMPRA
