Fecha,Último valor conocido,Predicción,Cambio porcentual,Señal
2025-11-29,4.170000076293945,3.927999024072047,-5.803382441109569,VENTA
