Fecha,Último valor conocido,Predicción,Cambio porcentual,Señal
2026-04-21,4.809999942779541,4.512311538435755,-6.188948188880052,VENTA
