Fecha,Último valor conocido,Predicción,Cambio porcentual,Señal
2025-06-18,2.819999933242798,2.7682122593397054,-1.8364423804627668,VENTA
