Fecha,Último valor conocido,Predicción,Cambio porcentual,Señal
2025-09-30,3.2799999713897705,3.2008995379899874,-2.411598600297165,VENTA
