Fecha,Último valor conocido,Predicción,Cambio porcentual,Señal
2025-07-02,2.809999942779541,2.7533141060066377,-2.0172896059503795,VENTA
