Fecha,Último valor conocido,Predicción,Cambio porcentual,Señal
2025-06-05,2.900000095367432,2.8018006917396097,-3.3861862206380544,VENTA
