Fecha,Último valor conocido,Predicción,Cambio porcentual,Señal
2025-07-03,2.8499999046325684,2.759692168225298,-3.1686926115498655,VENTA
