Fecha,Último valor conocido,Predicción,Cambio porcentual,Señal
2025-07-19,2.990000009536743,2.866895541136005,-4.117206287896017,VENTA
