Fecha,Último valor conocido,Predicción,Cambio porcentual,Señal
2026-02-27,4.239999771118164,4.18572540966943,-1.280055763645037,VENTA
