Fecha,Último valor conocido,Predicción,Cambio porcentual,Señal
2025-11-06,4.210000038146973,4.006826045649613,-4.825985526280096,VENTA
