Fecha,Último valor conocido,Predicción,Cambio porcentual,Señal
2025-09-25,3.390000104904175,3.17652594643945,-6.297172621201405,VENTA
