Fecha,Último valor conocido,Predicción,Cambio porcentual,Señal
2026-01-06,4.090000152587891,3.976121890195116,-2.7843094900796004,VENTA
