Fecha,Último valor conocido,Predicción,Cambio porcentual,Señal
2026-05-22,4.260000228881836,4.009042444232039,-5.891027492166792,VENTA
