Fecha,Último valor conocido,Predicción,Cambio porcentual,Señal
2026-01-22,4.730000019073486,4.215959081162361,-10.867673062120108,VENTA
