Fecha,Último valor conocido,Predicción,Cambio porcentual,Señal
2025-09-03,3.3499999046325684,3.2328575630378684,-3.4967864158058313,VENTA
