Fecha,Último valor conocido,Predicción,Cambio porcentual,Señal
2025-06-25,2.799999952316284,2.7732616198702917,-0.9549404607622691,VENTA
