Fecha,Último valor conocido,Predicción,Cambio porcentual,Señal
2025-08-05,2.880000114440918,2.800264556025705,-2.7685956682919017,VENTA
