Fecha,Último valor conocido,Predicción,Cambio porcentual,Señal
2025-06-07,2.900000095367432,2.8094422589406527,-3.1226839120260665,VENTA
