Fecha,Último valor conocido,Predicción,Cambio porcentual,Señal
2025-12-19,4.070000171661377,3.9555530048172773,-2.811969582728106,VENTA
