Fecha,Último valor conocido,Predicción,Cambio porcentual,Señal
2025-06-17,2.8499999046325684,2.7805945311066624,-2.4352763455567166,VENTA
