Fecha,Último valor conocido,Predicción,Cambio porcentual,Señal
2026-05-09,4.519999980926514,4.2744010093851,-5.433605588004243,VENTA
