Fecha,Último valor conocido,Predicción,Cambio porcentual,Señal
2025-12-02,4.130000114440918,3.9183523064861463,-5.12464411840392,VENTA
