Fecha,Último valor conocido,Predicción,Cambio porcentual,Señal
2025-05-30,2.789999961853028,2.7247425393122864,-2.338975750286374,VENTA
