Fecha,Último valor conocido,Predicción,Cambio porcentual,Señal
2025-06-26,2.799999952316284,2.76003416375234,-1.4273496158770616,VENTA
