Fecha,Último valor conocido,Predicción,Cambio porcentual,Señal
2025-09-24,3.3299999237060547,3.1678941015756443,-4.86804281815112,VENTA
