Fecha,Último valor conocido,Predicción,Cambio porcentual,Señal
2026-05-21,4.230000019073486,4.018992245346943,-4.988363422578932,VENTA
