Fecha,Último valor conocido,Predicción,Cambio porcentual,Señal
2025-11-01,4.21999979019165,3.9478342286195995,-6.4494212109828215,VENTA
