Fecha,Último valor conocido,Predicción,Cambio porcentual,Señal
2025-06-11,2.8299999237060547,2.8007245531887506,-1.0344654171921763,VENTA
