Fecha,Último valor conocido,Predicción,Cambio porcentual,Señal
2026-02-10,4.570000171661377,4.484241368634094,-1.8765601708086233,VENTA
