Fecha,Último valor conocido,Predicción,Cambio porcentual,Señal
2026-03-13,4.03000020980835,3.85940478481033,-4.233136876341064,VENTA
