Fecha,Último valor conocido,Predicción,Cambio porcentual,Señal
2026-03-20,4.210000038146973,3.921216873026162,-6.859457541665924,VENTA
