Fecha,Último valor conocido,Predicción,Cambio porcentual,Señal
2025-12-10,4.210000038146973,4.034199269684601,-4.175790186922426,VENTA
