Fecha,Último valor conocido,Predicción,Cambio porcentual,Señal
2025-08-28,3.380000114440918,3.205472786266932,-5.163530244520553,VENTA
