Fecha,Último valor conocido,Predicción,Cambio porcentual,Señal
2025-06-21,2.8399999141693115,2.7783290713501008,-2.1715086155997025,VENTA
