Fecha,Último valor conocido,Predicción,Cambio porcentual,Señal
2025-07-30,2.9100000858306885,2.8636942524643025,-1.591265704487685,VENTA
