Fecha,Último valor conocido,Predicción,Cambio porcentual,Señal
2025-11-20,4.130000114440918,4.042979771241031,-2.1070300433070828,VENTA
