Fecha,Último valor conocido,Predicción,Cambio porcentual,Señal
2026-04-29,4.510000228881836,4.3935474305899005,-2.5821018266512943,VENTA
