Fecha,Último valor conocido,Predicción,Cambio porcentual,Señal
2025-09-27,3.319999933242798,3.197892139930263,-3.677945655657487,VENTA
