Fecha,Último valor conocido,Predicción,Cambio porcentual,Señal
2025-11-05,4.199999809265137,3.987221979580442,-5.06613903208543,VENTA
