Fecha,Último valor conocido,Predicción,Cambio porcentual,Señal
2026-02-13,4.380000114440918,4.331247261622925,-1.1130788023784242,VENTA
