Fecha,Último valor conocido,Predicción,Cambio porcentual,Señal
2025-12-18,4.050000190734863,3.969920275107223,-1.9772817742290048,VENTA
