Fecha,Último valor conocido,Predicción,Cambio porcentual,Señal
2026-02-24,4.460000038146973,4.2382900597109,-4.971075707169449,VENTA
