Fecha,Último valor conocido,Predicción,Cambio porcentual,Señal
2025-05-31,2.8299999237060547,2.735882144634881,-3.3257166646110967,VENTA
