Fecha,Último valor conocido,Predicción,Cambio porcentual,Señal
2026-04-03,4.349999904632568,4.125604442919328,-5.158516474316899,VENTA
