Fecha,Último valor conocido,Predicción,Cambio porcentual,Señal
2025-08-22,3.2699999809265137,3.1407872604950238,-3.951459363460886,VENTA
