Fecha,Último valor conocido,Predicción,Cambio porcentual,Señal
2025-10-24,3.9700000286102295,3.6775228701341076,-7.367182780059295,VENTA
