Fecha,Último valor conocido,Predicción,Cambio porcentual,Señal
2025-09-23,3.2699999809265137,3.1724823322543534,-2.982191108286486,VENTA
