Fecha,Último valor conocido,Predicción,Cambio porcentual,Señal
2025-07-29,2.8399999141693115,2.873268555836124,1.1714310800091552,COMPRA
