Fecha,Último valor conocido,Predicción,Cambio porcentual,Señal
2025-07-16,2.9100000858306885,2.8169376780079993,-3.198020793051749,VENTA
