Fecha,Último valor conocido,Predicción,Cambio porcentual,Señal
2026-03-18,4.059999942779541,3.8874557161044887,-4.249857859774396,VENTA
