Fecha,Último valor conocido,Predicción,Cambio porcentual,Señal
2026-02-25,4.400000095367432,4.233699104114369,-3.779567901104218,VENTA
