Fecha,Último valor conocido,Predicción,Cambio porcentual,Señal
2026-03-11,4.079999923706055,3.7588115255600325,-7.872264807649107,VENTA
