Fecha,Último valor conocido,Predicción,Cambio porcentual,Señal
2025-08-07,2.900000095367432,2.7974816353950613,-3.5351191931385637,VENTA
