Fecha,Último valor conocido,Predicción,Cambio porcentual,Señal
2025-08-16,3.1600000858306885,3.0023925783509586,-4.987579215153679,VENTA
