Fecha,Último valor conocido,Predicción,Cambio porcentual,Señal
2025-07-18,3.0199999809265137,2.8476776197919267,-5.706038484202896,VENTA
