Fecha,Último valor conocido,Predicción,Cambio porcentual,Señal
2025-12-30,4.260000228881836,4.0102949244847865,-5.861626548846266,VENTA
