Fecha,Último valor conocido,Predicción,Cambio porcentual,Señal
2025-08-26,3.2699999809265137,3.171682129886002,-3.0066621288681006,VENTA
