Fecha,Último valor conocido,Predicción,Cambio porcentual,Señal
2025-11-18,4.110000133514404,4.091469208411721,-0.45087407544286295,VENTA
