Fecha,Último valor conocido,Predicción,Cambio porcentual,Señal
2026-03-25,4.199999809265137,3.985315422683816,-5.111533245971351,VENTA
