Fecha,Último valor conocido,Predicción,Cambio porcentual,Señal
2025-12-27,4.230000019073486,3.9863984244517763,-5.7589029201722575,VENTA
