Fecha,Último valor conocido,Predicción,Cambio porcentual,Señal
2025-10-28,4.170000076293945,3.7994043403962285,-8.887187748617041,VENTA
