Fecha,Último valor conocido,Predicción,Cambio porcentual,Señal
2026-05-05,4.329999923706055,4.272779295095936,-1.3214926008853929,VENTA
