Fecha,Último valor conocido,Predicción,Cambio porcentual,Señal
2026-03-31,4.260000228881836,4.036369497091189,-5.249547412567752,VENTA
