Fecha,Último valor conocido,Predicción,Cambio porcentual,Señal
2025-07-04,2.890000104904175,2.7704735686621715,-4.135866155823772,VENTA
