Fecha,Último valor conocido,Predicción,Cambio porcentual,Señal
2025-06-13,2.809999942779541,2.7683553854783023,-1.4820127455250256,VENTA
