Fecha,Último valor conocido,Predicción,Cambio porcentual,Señal
2025-12-31,4.079999923706055,4.004678611016829,-1.846110639649412,VENTA
