Fecha,Último valor conocido,Predicción,Cambio porcentual,Señal
2025-11-12,4.380000114440918,4.122388597049244,-5.881541339287312,VENTA
