Fecha,Último valor conocido,Predicción,Cambio porcentual,Señal
2026-04-14,4.579999923706055,4.238082406058583,-7.46544810792919,VENTA
