Fecha,Último valor conocido,Predicción,Cambio porcentual,Señal
2025-06-24,2.819999933242798,2.776399349939711,-1.5461200118877045,VENTA
