Fecha,Último valor conocido,Predicción,Cambio porcentual,Señal
2025-12-06,4.150000095367432,4.011461573973244,-3.3382775472423694,VENTA
