Fecha,Último valor conocido,Predicción,Cambio porcentual,Señal
2025-10-22,3.799999952316284,3.6135701776499274,-4.906046763309005,VENTA
