Fecha,Último valor conocido,Predicción,Cambio porcentual,Señal
2025-12-20,4.099999904632568,3.9426644174821357,-3.837450995368564,VENTA
