Fecha,Último valor conocido,Predicción,Cambio porcentual,Señal
2025-12-11,4.21999979019165,4.0424828827824255,-4.206561996088701,VENTA
