Fecha,Último valor conocido,Predicción,Cambio porcentual,Señal
2026-03-12,4.130000114440918,3.810230743199799,-7.742599573375718,VENTA
