Fecha,Último valor conocido,Predicción,Cambio porcentual,Señal
2026-02-28,4.090000152587891,4.151758356469767,1.5099804786755175,COMPRA
