Fecha,Último valor conocido,Predicción,Cambio porcentual,Señal
2026-03-21,4.139999866485596,3.9243673569258593,-5.208514891638987,VENTA
