Fecha,Último valor conocido,Predicción,Cambio porcentual,Señal
2025-09-12,3.380000114440918,3.2534545592805046,-3.7439512093432303,VENTA
