Fecha,Último valor conocido,Predicción,Cambio porcentual,Señal
2025-07-15,2.880000114440918,2.8163538092980183,-2.209941062979961,VENTA
