Fecha,Último valor conocido,Predicción,Cambio porcentual,Señal
2025-08-02,2.799999952316284,2.815677485783764,0.5599119190880891,COMPRA
