Fecha,Último valor conocido,Predicción,Cambio porcentual,Señal
2026-02-11,4.460000038146973,4.432832209698631,-0.6091441304029457,VENTA
