Fecha,Último valor conocido,Predicción,Cambio porcentual,Señal
2026-04-25,4.619999885559082,4.431216764309335,-4.0862148468841735,VENTA
