Fecha,Último valor conocido,Predicción,Cambio porcentual,Señal
2025-12-25,4.269999980926514,3.971331271877082,-6.994583381347604,VENTA
