Fecha,Último valor conocido,Predicción,Cambio porcentual,Señal
2026-01-17,4.329999923706055,4.074077443052031,-5.910450003772278,VENTA
