Fecha,Último valor conocido,Predicción,Cambio porcentual,Señal
2026-05-13,4.420000076293945,4.283523533188399,-3.087704541851012,VENTA
