Fecha,Último valor conocido,Predicción,Cambio porcentual,Señal
2026-02-07,4.579999923706055,4.544564038373041,-0.7737092996355245,VENTA
