Fecha,Último valor conocido,Predicción,Cambio porcentual,Señal
2025-12-24,4.139999866485596,3.9464667535598803,-4.674713023360644,VENTA
