Fecha,Último valor conocido,Predicción,Cambio porcentual,Señal
2025-12-12,4.159999847412109,4.032883344205646,-3.055685285314156,VENTA
