Fecha,Último valor conocido,Predicción,Cambio porcentual,Señal
2025-10-21,3.740000009536743,3.5945341829160133,-3.8894605949144907,VENTA
