Fecha,Último valor conocido,Predicción,Cambio porcentual,Señal
2025-10-03,3.3299999237060547,3.216397947848659,-3.4114708246288745,VENTA
