Fecha,Último valor conocido,Predicción,Cambio porcentual,Señal
2025-07-01,2.809999942779541,2.7561101688053236,-1.917785589736056,VENTA
