Fecha,Último valor conocido,Predicción,Cambio porcentual,Señal
2026-02-20,4.409999847412109,4.228233968408707,-4.121675403459854,VENTA
