Fecha,Último valor conocido,Predicción,Cambio porcentual,Señal
2026-01-21,4.519999980926514,4.124977878837263,-8.739427074251422,VENTA
