Fecha,Último valor conocido,Predicción,Cambio porcentual,Señal
2026-03-06,3.9600000381469727,3.8613014986547856,-2.4923873369044642,VENTA
