Fecha,Último valor conocido,Predicción,Cambio porcentual,Señal
2026-01-31,4.809999942779541,4.719847881352117,-1.8742632536358808,VENTA
