Fecha,Último valor conocido,Predicción,Cambio porcentual,Señal
2025-10-09,3.470000028610229,3.281587008338191,-5.429769991889579,VENTA
