Fecha,Último valor conocido,Predicción,Cambio porcentual,Señal
2026-01-03,4.039999961853027,3.983175209010482,-1.4065533014629432,VENTA
