Fecha,Último valor conocido,Predicción,Cambio porcentual,Señal
2026-03-03,3.7799999713897705,4.043694437542246,6.976044130908414,COMPRA
