Fecha,Último valor conocido,Predicción,Cambio porcentual,Señal
2025-08-06,2.869999885559082,2.7865265592421666,-2.908478384857309,VENTA
