Fecha,Último valor conocido,Predicción,Cambio porcentual,Señal
2025-07-08,2.890000104904175,2.779434595288457,-3.8257960416020107,VENTA
