Fecha,Último valor conocido,Predicción,Cambio porcentual,Señal
2026-01-27,5.03000020980835,4.427717597474014,-11.9738088909003,VENTA
