Fecha,Último valor conocido,Predicción,Cambio porcentual,Señal
2025-06-27,2.8399999141693115,2.7596317516034423,-2.8298649646042886,VENTA
