Fecha,Último valor conocido,Predicción,Cambio porcentual,Señal
2025-05-24,2.819999933242798,2.738411598727037,-2.8932034201128554,VENTA
