Fecha,Último valor conocido,Predicción,Cambio porcentual,Señal
2025-08-14,3.150000095367432,2.9279846160151175,-7.048110242244852,VENTA
