Fecha,Último valor conocido,Predicción,Cambio porcentual,Señal
2025-10-29,4.050000190734863,3.8206867987342212,-5.662058795089431,VENTA
