Fecha,Último valor conocido,Predicción,Cambio porcentual,Señal
2025-09-11,3.380000114440918,3.2457896450824113,-3.9707238110761502,VENTA
