Fecha,Último valor conocido,Predicción,Cambio porcentual,Señal
2025-09-06,3.309999942779541,3.228159086171462,-2.4725334750112937,VENTA
