Fecha,Último valor conocido,Predicción,Cambio porcentual,Señal
2025-11-04,4.230000019073486,3.988327939170385,-5.713287915209886,VENTA
