Fecha,Último valor conocido,Predicción,Cambio porcentual,Señal
2025-10-04,3.4800000190734863,3.235234839577962,-7.033482130861899,VENTA
