Fecha,Último valor conocido,Predicción,Cambio porcentual,Señal
2025-06-19,2.819999933242798,2.7753723067177853,-1.5825399851585789,VENTA
