Fecha,Último valor conocido,Predicción,Cambio porcentual,Señal
2026-05-08,4.480000019073486,4.249959305752322,-5.134837329057413,VENTA
