Fecha,Último valor conocido,Predicción,Cambio porcentual,Señal
2025-09-20,3.1600000858306885,3.1837517631309042,0.7516353371861387,COMPRA
