Fecha,Último valor conocido,Predicción,Cambio porcentual,Señal
2025-10-23,3.869999885559082,3.6388198723782668,-5.9736439280906515,VENTA
