Fecha,Último valor conocido,Predicción,Cambio porcentual,Señal
2025-06-04,2.9200000762939453,2.7907615677350472,-4.425976204868021,VENTA
