Fecha,Último valor conocido,Predicción,Cambio porcentual,Señal
2026-03-28,4.130000114440918,4.030215034196487,-2.4161035709302716,VENTA
