Fecha,Último valor conocido,Predicción,Cambio porcentual,Señal
2026-04-24,4.369999885559082,4.45528561877348,1.951618660133837,COMPRA
