Fecha,Último valor conocido,Predicción,Cambio porcentual,Señal
2025-11-26,4.090000152587891,3.9037434792431336,-4.553952723618011,VENTA
