Fecha,Último valor conocido,Predicción,Cambio porcentual,Señal
2026-03-10,3.930000066757202,3.7402166057677513,-4.829095617447373,VENTA
