Fecha,Último valor conocido,Predicción,Cambio porcentual,Señal
2026-02-12,4.53000020980835,4.400922472373344,-2.8493980454024315,VENTA
