Fecha,Último valor conocido,Predicción,Cambio porcentual,Señal
2025-10-18,3.839999914169312,3.564271083145334,-7.180438468411402,VENTA
