Fecha,Último valor conocido,Predicción,Cambio porcentual,Señal
2026-01-08,4.050000190734863,3.9369156099635747,-2.7922117393967243,VENTA
