Fecha,Último valor conocido,Predicción,Cambio porcentual,Señal
2025-11-13,4.349999904632568,4.135699254567463,-4.926451833639909,VENTA
