Fecha,Último valor conocido,Predicción,Cambio porcentual,Señal
2025-12-17,4.070000171661377,3.9936107185485534,-1.8768906607107414,VENTA
