Fecha,Último valor conocido,Predicción,Cambio porcentual,Señal
2026-04-28,4.599999904632568,4.435259291764746,-3.5813177452876763,VENTA
