Fecha,Último valor conocido,Predicción,Cambio porcentual,Señal
2025-08-19,3.289999961853028,3.0495777783464058,-7.307665236908056,VENTA
