Fecha,Último valor conocido,Predicción,Cambio porcentual,Señal
2025-09-13,3.470000028610229,3.273511031544527,-5.6625070733615495,VENTA
