Fecha,Último valor conocido,Predicción,Cambio porcentual,Señal
2026-01-15,4.28000020980835,4.01423510822697,-6.209464685827205,VENTA
