Fecha,Último valor conocido,Predicción,Cambio porcentual,Señal
2026-03-24,4.239999771118164,3.9561795566396536,-6.693873344329497,VENTA
