Fecha,Último valor conocido,Predicción,Cambio porcentual,Señal
2026-01-10,4.170000076293945,3.942929795650851,-5.4453303714301455,VENTA
