Fecha,Último valor conocido,Predicción,Cambio porcentual,Señal
2025-08-29,3.359999895095825,3.2199982272957657,-4.166716433664256,VENTA
