Fecha,Último valor conocido,Predicción,Cambio porcentual,Señal
2026-04-17,4.760000228881836,4.424445878676999,-7.049460799787847,VENTA
