Fecha,Último valor conocido,Predicción,Cambio porcentual,Señal
2026-05-06,4.449999809265137,4.2496590821485904,-4.5020390045731284,VENTA
