Fecha,Último valor conocido,Predicción,Cambio porcentual,Señal
2025-09-04,3.289999961853028,3.227640891368706,-1.8954124987040804,VENTA
