Fecha,Último valor conocido,Predicción,Cambio porcentual,Señal
2026-01-14,4.269999980926514,3.982858128313795,-6.724633580687138,VENTA
