Fecha,Último valor conocido,Predicción,Cambio porcentual,Señal
2026-04-30,4.329999923706055,4.321838596292886,-0.18848331540346977,VENTA
