Fecha,Último valor conocido,Predicción,Cambio porcentual,Señal
2025-08-12,3.0199999809265137,2.859963092004975,-5.299234765969792,VENTA
