Fecha,Último valor conocido,Predicción,Cambio porcentual,Señal
2025-08-30,3.3299999237060547,3.2235333280874343,-3.197195136873474,VENTA
