Fecha,Último valor conocido,Predicción,Cambio porcentual,Señal
2025-12-23,4.119999885559082,3.9408140863241767,-4.349170005148917,VENTA
