Fecha,Último valor conocido,Predicción,Cambio porcentual,Señal
2026-01-30,5.110000133514404,4.7309820240720475,-7.417183944018549,VENTA
