Fecha,Último valor conocido,Predicción,Cambio porcentual,Señal
2025-08-23,3.299999952316284,3.1606891968114046,-4.221538106601995,VENTA
