Fecha,Último valor conocido,Predicción,Cambio porcentual,Señal
2026-01-23,4.690000057220459,4.279301255118137,-8.756903989159524,VENTA
