Fecha,Último valor conocido,Predicción,Cambio porcentual,Señal
2025-12-04,4.190000057220459,3.9850708503047256,-4.890911792771627,VENTA
