Fecha,Último valor conocido,Predicción,Cambio porcentual,Señal
2026-04-09,4.409999847412109,4.1803133121847855,-5.208311636611717,VENTA
