Fecha,Último valor conocido,Predicción,Cambio porcentual,Señal
2026-05-19,4.190000057220459,4.114338333077526,-1.8057690479633421,VENTA
