Fecha,Último valor conocido,Predicción,Cambio porcentual,Señal
2025-10-01,3.299999952316284,3.210957656087672,-2.6982514398557247,VENTA
