Fecha,Último valor conocido,Predicción,Cambio porcentual,Señal
2025-07-26,2.9800000190734863,2.8985136790550667,-2.734440922713637,VENTA
