Fecha,Último valor conocido,Predicción,Cambio porcentual,Señal
2025-09-10,3.380000114440918,3.240889285905823,-4.115704846894805,VENTA
