Fecha,Último valor conocido,Predicción,Cambio porcentual,Señal
2025-10-10,3.470000028610229,3.3106924913465887,-4.590995272338503,VENTA
