Fecha,Último valor conocido,Predicción,Cambio porcentual,Señal
2026-05-14,4.21999979019165,4.251778265683185,0.7530444803669295,COMPRA
