Fecha,Último valor conocido,Predicción,Cambio porcentual,Señal
2025-12-09,4.239999771118164,4.023832433184743,-5.098286547228139,VENTA
