Fecha,Último valor conocido,Predicción,Cambio porcentual,Señal
2025-08-15,3.180000066757202,2.9618649283065626,-6.859595404759925,VENTA
