Fecha,Último valor conocido,Predicción,Cambio porcentual,Señal
2025-11-21,3.9600000381469727,3.9749489234741446,0.37749710058505714,COMPRA
