Fecha,Último valor conocido,Predicción,Cambio porcentual,Señal
2025-05-24,2.819999933242798,2.7390286824388985,-2.8713210184649967,VENTA
