Fecha,Último valor conocido,Predicción,Cambio porcentual,Señal
2025-06-03,2.970000028610229,2.7640060591130333,-6.935823821981167,VENTA
