Fecha,Último valor conocido,Predicción,Cambio porcentual,Señal
2025-10-15,3.7100000381469727,3.4378237860460485,-7.3362870431901,VENTA
