Fecha,Último valor conocido,Predicción,Cambio porcentual,Señal
2025-10-31,4.139999866485596,3.9027211782571163,-5.731369465716986,VENTA
