Fecha,Último valor conocido,Predicción,Cambio porcentual,Señal
2025-08-27,3.319999933242798,3.191018091094838,-3.884995323538374,VENTA
