Fecha,Último valor conocido,Predicción,Cambio porcentual,Señal
2025-09-18,3.220000028610229,3.234482407587876,0.44976331829095756,COMPRA
