Fecha,Último valor conocido,Predicción,Cambio porcentual,Señal
2026-05-01,4.460000038146973,4.287499572244987,-3.8677234176360167,VENTA
