Fecha,Último valor conocido,Predicción,Cambio porcentual,Señal
2026-03-04,3.549999952316284,3.8968815508055132,9.771312764748002,COMPRA
