Fecha,Último valor conocido,Predicción,Cambio porcentual,Señal
2025-10-14,3.690000057220459,3.413267648035115,-7.499523167861306,VENTA
