Fecha,Último valor conocido,Predicción,Cambio porcentual,Señal
2025-09-19,3.2300000190734863,3.216692105598608,-0.41200970267162623,VENTA
