Fecha,Último valor conocido,Predicción,Cambio porcentual,Señal
2025-07-09,2.869999885559082,2.7848360396839063,-2.9673815077029415,VENTA
