Fecha,Último valor conocido,Predicción,Cambio porcentual,Señal
2025-09-26,3.3299999237060547,3.184036346898462,-4.383290695248597,VENTA
