Fecha,Último valor conocido,Predicción,Cambio porcentual,Señal
2025-11-25,3.9800000190734863,3.9131073419163522,-1.6807205235317109,VENTA
