Fecha,Último valor conocido,Predicción,Cambio porcentual,Señal
2026-04-02,4.380000114440918,4.105332942832123,-6.270939827220859,VENTA
