Fecha,Último valor conocido,Predicción,Cambio porcentual,Señal
2026-01-01,4.050000190734863,3.9918228941458,-1.4364763913383198,VENTA
