Fecha,Último valor conocido,Predicción,Cambio porcentual,Señal
2025-07-11,2.859999895095825,2.7997069928848517,-2.1081435112763653,VENTA
