Fecha,Último valor conocido,Predicción,Cambio porcentual,Señal
2025-11-27,4.159999847412109,3.914523620103937,-5.900871065196803,VENTA
