Fecha,Último valor conocido,Predicción,Cambio porcentual,Señal
2026-03-14,3.930000066757202,3.824208909176212,-2.691886915622433,VENTA
