Fecha,Último valor conocido,Predicción,Cambio porcentual,Señal
2026-04-01,4.400000095367432,4.089653816586588,-7.05332436486976,VENTA
