Fecha,Último valor conocido,Predicción,Cambio porcentual,Señal
2025-06-10,2.759999990463257,2.8003115832841576,1.4605649623257655,COMPRA
