Fecha,Último valor conocido,Predicción,Cambio porcentual,Señal
2025-10-07,3.4200000762939453,3.252712366491882,-4.891453393864928,VENTA
