Fecha,Último valor conocido,Predicción,Cambio porcentual,Señal
2025-07-24,2.950000047683716,2.876347556609809,-2.496694572318311,VENTA
