Fecha,Último valor conocido,Predicción,Cambio porcentual,Señal
2025-08-09,3.0199999809265137,2.8264106502747,-6.410242777300347,VENTA
