Fecha,Último valor conocido,Predicción,Cambio porcentual,Señal
2026-04-11,4.429999828338623,4.218273630137968,-4.779372605078814,VENTA
