Fecha,Último valor conocido,Predicción,Cambio porcentual,Señal
2026-01-09,4.139999866485596,3.922555407607563,-5.252281784796754,VENTA
