Fecha,Último valor conocido,Predicción,Cambio porcentual,Señal
2025-11-27,4.159999847412109,3.9145236201039366,-5.900871065196814,VENTA
