Fecha,Último valor conocido,Predicción,Cambio porcentual,Señal
2026-03-17,4.110000133514404,3.8523723879876766,-6.268314772691596,VENTA
