Fecha,Último valor conocido,Predicción,Cambio porcentual,Señal
2025-11-08,4.28000020980835,4.0701596462923595,-4.902816664239986,VENTA
