Fecha,Último valor conocido,Predicción,Cambio porcentual,Señal
2025-12-13,4.119999885559082,4.02055376074406,-2.4137409606147844,VENTA
