Fecha,Último valor conocido,Predicción,Cambio porcentual,Señal
2026-03-21,4.139999866485596,3.924367356925859,-5.208514891638998,VENTA
