Fecha,Último valor conocido,Predicción,Cambio porcentual,Señal
2026-04-18,4.769999980926514,4.468185048059302,-6.327357108470837,VENTA
