Fecha,Último valor conocido,Predicción,Cambio porcentual,Señal
2026-01-07,4.079999923706055,3.954428150479791,-3.077739597411587,VENTA
