Fecha,Último valor conocido,Predicción,Cambio porcentual,Señal
2025-10-16,3.7200000286102295,3.4776484610217016,-6.514827035608091,VENTA
