Fecha,Último valor conocido,Predicción,Cambio porcentual,Señal
2026-05-12,4.550000190734863,4.289979567660022,-5.714738729117413,VENTA
