Fecha,Último valor conocido,Predicción,Cambio porcentual,Señal
2026-03-19,4.059999942779541,3.902860951200759,-3.8704185663412125,VENTA
