Fecha,Último valor conocido,Predicción,Cambio porcentual,Señal
2026-01-28,5.269999980926514,4.579332963810422,-13.105636045840487,VENTA
