Fecha,Último valor conocido,Predicción,Cambio porcentual,Señal
2025-09-16,3.3399999141693115,3.2730591703793643,-2.0042139374304733,VENTA
