Fecha,Último valor conocido,Predicción,Cambio porcentual,Señal
2025-07-10,2.880000114440918,2.792310061804053,-3.044793373346369,VENTA
