Fecha,Último valor conocido,Predicción,Cambio porcentual,Señal
2025-10-30,4.070000171661377,3.859923207460697,-5.161595954304998,VENTA
