Fecha,Último valor conocido,Predicción,Cambio porcentual,Señal
2026-01-29,5.039999961853027,4.660883335581423,-7.522155340100767,VENTA
