Fecha,Último valor conocido,Predicción,Cambio porcentual,Señal
2026-02-05,4.690000057220459,4.699583748865641,0.20434310294789068,COMPRA
