Fecha,Último valor conocido,Predicción,Cambio porcentual,Señal
2025-11-14,4.210000038146973,4.124363280674759,-2.0341272374407584,VENTA
