Fecha,Último valor conocido,Predicción,Cambio porcentual,Señal
2025-12-03,4.239999771118164,3.9612975708373535,-6.573165455792274,VENTA
