Fecha,Último valor conocido,Predicción,Cambio porcentual,Señal
2025-11-15,4.199999809265137,4.10587689803952,-2.241021797619671,VENTA
