Fecha,Último valor conocido,Predicción,Cambio porcentual,Señal
2025-11-11,4.349999904632568,4.099532705710883,-5.757866768110699,VENTA
