Fecha,Último valor conocido,Predicción,Cambio porcentual,Señal
2026-02-21,4.489999771118164,4.244590427146543,-5.465687226761395,VENTA
