Fecha,Último valor conocido,Predicción,Cambio porcentual,Señal
2025-06-14,2.9100000858306885,2.7663327893310363,-4.937020352652014,VENTA
