Fecha,Último valor conocido,Predicción,Cambio porcentual,Señal
2026-01-13,4.190000057220459,3.9604701497009565,-5.478040677444929,VENTA
