Fecha,Último valor conocido,Predicción,Cambio porcentual,Señal
2026-02-14,4.429999828338623,4.293008986075753,-3.0923441889668326,VENTA
