Fecha,Último valor conocido,Predicción,Cambio porcentual,Señal
2026-04-16,4.809999942779541,4.353149070191505,-9.49793925203327,VENTA
