Fecha,Último valor conocido,Predicción,Cambio porcentual,Señal
2025-07-25,3.0199999809265137,2.8895487558264117,-4.319577017350858,VENTA
