Fecha,Último valor conocido,Predicción,Cambio porcentual,Señal
2025-07-17,2.930000066757202,2.8263220255081434,-3.5384996207117894,VENTA
