Fecha,Último valor conocido,Predicción,Cambio porcentual,Señal
2026-02-18,4.429999828338623,4.29204736700756,-3.114051166516626,VENTA
