Fecha,Último valor conocido,Predicción,Cambio porcentual,Señal
2025-08-13,3.049999952316284,2.8878791807141724,-5.3154352175970105,VENTA
