Fecha,Último valor conocido,Predicción,Cambio porcentual,Señal
2026-03-05,4.210000038146973,3.894784053975102,-7.487315470681384,VENTA
