Fecha,Último valor conocido,Predicción,Cambio porcentual,Señal
2025-10-17,3.700000047683716,3.512461622513405,-5.068606020362466,VENTA
