Fecha,Último valor conocido,Predicción,Cambio porcentual,Señal
2025-07-12,2.930000066757202,2.817410569596997,-3.842644866722289,VENTA
