Fecha,Último valor conocido,Predicción,Cambio porcentual,Señal
2025-06-28,2.809999942779541,2.7583324314653437,-1.8387015076978923,VENTA
