Fecha,Último valor conocido,Predicción,Cambio porcentual,Señal
2025-10-25,4.079999923706055,3.735688249091179,-8.439011790522814,VENTA
