Fecha,Último valor conocido,Predicción,Cambio porcentual,Señal
2026-05-23,4.230000019073486,4.012506769289443,-5.141684368873403,VENTA
