Fecha,Último valor conocido,Predicción,Cambio porcentual,Señal
2026-02-19,4.309999942779541,4.251084008179624,-1.3669590575892698,VENTA
