Fecha,Último valor conocido,Predicción,Cambio porcentual,Señal
2025-11-22,3.990000009536743,3.93011300864089,-1.5009273371607366,VENTA
