Fecha,Último valor conocido,Predicción,Cambio porcentual,Señal
2025-09-09,3.400000095367432,3.2320939486342164,-4.938415941869859,VENTA
