Fecha,Último valor conocido,Predicción,Cambio porcentual,Señal
2026-03-07,3.759999990463257,3.7789138500602153,0.5030281820460363,COMPRA
