Fecha,Último valor conocido,Predicción,Cambio porcentual,Señal
2025-08-01,2.809999942779541,2.8345583968508516,0.8739663548540281,COMPRA
