Fecha,Último valor conocido,Predicción,Cambio porcentual,Señal
2025-08-21,3.289999961853028,3.1135020735221817,-5.364677519067118,VENTA
