Fecha,Último valor conocido,Predicción,Cambio porcentual,Señal
2025-10-02,3.2799999713897705,3.2149753792513716,-1.9824570946824536,VENTA
