Fecha,Último valor conocido,Predicción,Cambio porcentual,Señal
2026-01-16,4.28000020980835,4.040858918111427,-5.587413083506156,VENTA
