Fecha,Último valor conocido,Predicción,Cambio porcentual,Señal
2025-09-05,3.299999952316284,3.2301096250457215,-2.1178887357712335,VENTA
