Fecha,Último valor conocido,Predicción,Cambio porcentual,Señal
2025-05-24,2.819999933242798,2.7384115987270374,-2.8932034201128394,VENTA
