Fecha,Último valor conocido,Predicción,Cambio porcentual,Señal
2025-10-11,3.640000104904175,3.353101596226307,-7.881826934326984,VENTA
