Fecha,Último valor conocido,Predicción,Cambio porcentual,Señal
2025-11-07,4.300000190734863,4.036094518912114,-6.137340932946532,VENTA
