Fecha,Último valor conocido,Predicción,Cambio porcentual,Señal
2025-06-06,2.8299999237060547,2.7946158350242554,-1.2503211885412961,VENTA
