Fecha,Último valor conocido,Predicción,Cambio porcentual,Señal
2026-04-18,4.769999980926514,4.4681850480593015,-6.327357108470855,VENTA
