Fecha,Último valor conocido,Predicción,Cambio porcentual,Señal
2026-05-15,4.230000019073486,4.2157692243765,-0.3364254050311562,VENTA
