Fecha,Último valor conocido,Predicción,Cambio porcentual,Señal
2025-12-16,4.130000114440918,4.007155451948312,-2.9744469512983507,VENTA
