Fecha,Último valor conocido,Predicción,Cambio porcentual,Señal
2025-08-08,2.950000047683716,2.805198315025117,-4.908533231119587,VENTA
