Fecha,Último valor conocido,Predicción,Cambio porcentual,Señal
2025-07-31,2.8499999046325684,2.842040876230735,-0.2792641637951031,VENTA
