Fecha,Último valor conocido,Predicción,Cambio porcentual,Señal
2025-10-08,3.390000104904175,3.259301894604632,-3.8554043143086374,VENTA
