Fecha,Último valor conocido,Predicción,Cambio porcentual,Señal
2026-03-14,3.930000066757202,3.8242089091762117,-2.6918869156224443,VENTA
