Fecha,Último valor conocido,Predicción,Cambio porcentual,Señal
2026-02-26,4.380000114440918,4.224909745987197,-3.5408758995778626,VENTA
