Fecha,Último valor conocido,Predicción,Cambio porcentual,Señal
2026-01-24,4.679999828338623,4.330899674297967,-7.459405274478067,VENTA
