Fecha,Último valor conocido,Predicción,Cambio porcentual,Señal
2026-05-20,4.039999961853027,4.053222604773811,0.32729314469397125,COMPRA
