Fecha,Último valor conocido,Predicción,Cambio porcentual,Señal
2026-03-27,4.190000057220459,4.034667189395028,-3.707228298428105,VENTA
