RMSE,MAE,R2
0.12605001041671232,0.08614704694304391,0.9755962527403377
