RMSE,MAE,R2
0.07855134476900823,0.05580259162564016,0.9591324995760849
