RMSE,MAE,R2
0.14073061201561488,0.09901885557621644,0.9750623799184233
