RMSE,MAE,R2
0.07754384165663392,0.055063373147918204,0.9580853198057936
