RMSE,MAE,R2
0.1290780782684033,0.08882255392181516,0.9752816930617222
