RMSE,MAE,R2
0.09808325794122537,0.06835705313447049,0.9716885832683315
