RMSE,MAE,R2
0.1389913402865323,0.09711242515395437,0.9743622208558639
