RMSE,MAE,R2
0.12829234744389711,0.08725252676503104,0.7669291267615348
