RMSE,MAE,R2
0.09747308384033533,0.06790778527268673,0.9716411478491742
