RMSE,MAE,R2
0.09706547846177982,0.06758255495301306,0.9711884676967054
