RMSE,MAE,R2
0.07027613871585764,0.04905627994110182,0.9452572752533706
