RMSE,MAE,R2
0.12416909882597521,0.08458346784829827,0.972919634667153
