RMSE,MAE,R2
0.09317835981437057,0.06449239577493367,0.9655057857799804
