RMSE,MAE,R2
0.07145981177633928,0.05057804646178334,0.9519461772915347
