RMSE,MAE,R2
0.1298294298678723,0.0888758755648943,0.7658721579539872
