RMSE,MAE,R2
0.09366530217303727,0.06486875066308373,0.9659053202647364
