RMSE,MAE,R2
0.12412157759647843,0.08459770115588656,0.9734696003445839
