RMSE,MAE,R2
0.0696956505496476,0.051237188205915364,0.9344800131975897
