RMSE,MAE,R2
0.1408873956869762,0.099379867314003,0.9752967379874415
