RMSE,MAE,R2
0.12765485027185747,0.0875094921268437,0.9753848313637281
