RMSE,MAE,R2
0.07461769009872224,0.052903958848493055,0.9521838594308765
