RMSE,MAE,R2
0.07659502752338643,0.05432507030610991,0.9544995525829492
