RMSE,MAE,R2
0.07372480052210369,0.052280837043539544,0.9522316508997114
