RMSE,MAE,R2
0.12925800575454913,0.0890603576661978,0.9753025259011695
