RMSE,MAE,R2
0.1426990495124901,0.10123089431807616,0.9752359378227604
