RMSE,MAE,R2
0.07894989653883955,0.05585342580907733,0.961573971815394
