RMSE,MAE,R2
0.07008797746138683,0.04877035057014361,0.9428497300901726
