RMSE,MAE,R2
0.12419120944849696,0.08480903764885694,0.9745509777007987
