RMSE,MAE,R2
0.07714773220563911,0.054739429211244986,0.9558259659940413
