RMSE,MAE,R2
0.0710345410570019,0.05002836586212193,0.946675410866497
