RMSE,MAE,R2
0.13825159078884122,0.09651525650101876,0.9744321138344912
