RMSE,MAE,R2
0.12673063697998443,0.08674525116301725,0.9755607556696697
