RMSE,MAE,R2
0.09695417437141045,0.06732076438735825,0.9687005126945079
