RMSE,MAE,R2
0.12697465114118148,0.08705483520750594,0.9755435594056312
