RMSE,MAE,R2
0.08562083883192391,0.06009697840127318,0.9638438328470028
