RMSE,MAE,R2
0.1021615667777758,0.07187364609378617,0.9743160904733956
