RMSE,MAE,R2
0.07015756520377173,0.04891371196851927,0.9438386504606219
