RMSE,MAE,R2
0.07175453968600301,0.05085460909953114,0.9500573965773361
