RMSE,MAE,R2
0.14298439893441475,0.10167037168406333,0.9754049170286996
