RMSE,MAE,R2
0.1355946062919915,0.09492792707265925,0.9749948399017707
