RMSE,MAE,R2
0.12860044669735085,0.08800472497716409,0.7761796892153259
