RMSE,MAE,R2
0.13462139796256983,0.09410672356285911,0.975078099934423
