RMSE,MAE,R2
0.07281938227936952,0.05178495991267918,0.9523905659201475
