RMSE,MAE,R2
0.13225275237527465,0.0905910812891447,0.7613123813028385
