RMSE,MAE,R2
0.10170722587900848,0.07134285469955758,0.9732972289364858
