RMSE,MAE,R2
0.13062353167334845,0.09026452059450368,0.9750885664438894
