RMSE,MAE,R2
0.12182064203463215,0.08296788036878447,0.9718023457576156
