RMSE,MAE,R2
0.12840308573700918,0.08811029479937778,0.9753452609504427
