RMSE,MAE,R2
0.10298662555013276,0.07276628799315284,0.9746265782250003
