RMSE,MAE,R2
0.1340602273076609,0.09359451550652612,0.9751302067860197
