RMSE,MAE,R2
0.10675667689576254,0.07592657867262606,0.9753322788908227
