RMSE,MAE,R2
0.07967681163877566,0.05668375744730413,0.9627978376743315
