RMSE,MAE,R2
0.08088918543746221,0.057348670966358026,0.9637934116860881
