RMSE,MAE,R2
0.08602622703077938,0.06043831494900433,0.9641301850130025
