RMSE,MAE,R2
0.12428971883288242,0.08487668527518127,0.9743443853956083
