RMSE,MAE,R2
0.07040017798022614,0.04919775108264675,0.9458997707787171
