RMSE,MAE,R2
0.10580639681773885,0.07517311473450174,0.9753692377209534
