RMSE,MAE,R2
0.13492141016077058,0.09447138439137494,0.9751053412465079
