RMSE,MAE,R2
0.06979658616818954,0.04849533624127427,0.9427680188191393
