RMSE,MAE,R2
0.10503271556869184,0.07427821534960076,0.9749984941372271
