RMSE,MAE,R2
0.12391156562182108,0.08417681656932667,0.9718713370420624
