RMSE,MAE,R2
0.07610104011973771,0.053876940896016794,0.953066103095968
