RMSE,MAE,R2
0.11404787274376739,0.07993378528468002,0.9739129929854167
