RMSE,MAE,R2
0.09867278491722262,0.06875021952501881,0.9717375043883999
