RMSE,MAE,R2
0.14320552115054166,0.10178467143336611,0.9754369831482552
