RMSE,MAE,R2
0.09694882954254445,0.06737210949624382,0.969219080860378
