RMSE,MAE,R2
0.0703148812354511,0.0491015458320387,0.9454876348926398
