RMSE,MAE,R2
0.12673063697998438,0.08674525116301723,0.9755607556696698
