RMSE,MAE,R2
0.14054206233344166,0.09869056067433853,0.9747830912348002
