RMSE,MAE,R2
0.07930953445653514,0.056170020736201254,0.9618979175167335
