RMSE,MAE,R2
0.0695854086274176,0.04823975545294794,0.9369256422589869
