RMSE,MAE,R2
0.1409954861686651,0.09945736591456161,0.9751928622817136
