RMSE,MAE,R2
0.14286669380224631,0.10152237738913375,0.9754128394153633
