RMSE,MAE,R2
0.07939603265960322,0.056254647286447135,0.9621111155541037
