RMSE,MAE,R2
0.07143481922965178,0.050535928688900354,0.9522019001022632
