RMSE,MAE,R2
0.13322891352315966,0.09266363418316664,0.9750763018983652
