RMSE,MAE,R2
0.104385127447656,0.07376266502098898,0.974493238233392
