RMSE,MAE,R2
0.1402433405611664,0.09822945225761569,0.9746216187499193
