RMSE,MAE,R2
0.07689730516870112,0.05450877290787874,0.9548788010298699
