RMSE,MAE,R2
0.07021388278055524,0.048984470914232414,0.9441325413872259
