RMSE,MAE,R2
0.10260592892480662,0.07237640940945457,0.9745675200700151
