RMSE,MAE,R2
0.06980467005438354,0.04840181087686973,0.9389865010043608
