RMSE,MAE,R2
0.14239496372344185,0.10093953701760514,0.9752447360540984
