RMSE,MAE,R2
0.09901123154529379,0.0690229248464496,0.97188988605429
