RMSE,MAE,R2
0.0720223118727054,0.05098235512013781,0.9488391790420733
