RMSE,MAE,R2
0.07035756494849268,0.049152266054015514,0.9457015184349677
