RMSE,MAE,R2
0.07159058160907268,0.05069699203814387,0.94987451107642
