RMSE,MAE,R2
0.07092080624867346,0.049876272308596384,0.9465007273568238
