RMSE,MAE,R2
0.0804864399183833,0.057132459795369364,0.9632722359788654
