RMSE,MAE,R2
0.1314182692649625,0.09090190957861205,0.975038754988796
