RMSE,MAE,R2
0.12519912999669308,0.08558349267267465,0.9758964237155083
