RMSE,MAE,R2
0.0779690510724077,0.055387762898489706,0.9586757883032031
