RMSE,MAE,R2
0.12930561427548495,0.08810532700074349,0.765485693863344
