RMSE,MAE,R2
0.07162509499315736,0.05080148350914366,0.9525241479208246
