RMSE,MAE,R2
0.14356643020137896,0.10207253113056089,0.9753513115640933
