RMSE,MAE,R2
0.06982152049821781,0.04850988548549237,0.9415789361429119
