RMSE,MAE,R2
0.06972106476125718,0.04846464606282455,0.9378234400780805
