RMSE,MAE,R2
0.09186804884200549,0.06367779160329184,0.9648781668262467
