RMSE,MAE,R2
0.07949739059303576,0.0564285382583043,0.9623364667665409
