RMSE,MAE,R2
0.06997427510233312,0.04856380826701407,0.9392730357458807
