RMSE,MAE,R2
0.08032556169081713,0.05704825632724255,0.9626212186452537
