RMSE,MAE,R2
0.14089097796807923,0.09925837619758415,0.9751240088934042
