RMSE,MAE,R2
0.08179005392022659,0.05779267452092575,0.9635103451235361
