RMSE,MAE,R2
0.07044533697405238,0.04927948067573745,0.9461181316196811
