RMSE,MAE,R2
0.12890450272762902,0.08638719562301064,0.7601076628019802
