RMSE,MAE,R2
0.14054206233344183,0.09869056067433869,0.9747830912348002
