RMSE,MAE,R2
0.08351687628835398,0.058718821597595845,0.9632164394131134
