RMSE,MAE,R2
0.06980012579003747,0.04843486010736878,0.9412729238948069
