RMSE,MAE,R2
0.0752782522199373,0.053211562679677936,0.9521010272602743
