RMSE,MAE,R2
0.13006477646079287,0.08975949900282883,0.9751808227220329
