RMSE,MAE,R2
0.07012412669799521,0.04885458572424921,0.9435221383151793
