RMSE,MAE,R2
0.13150970611353663,0.0910189927841156,0.9751159680217499
