RMSE,MAE,R2
0.100743016599271,0.07047691356996996,0.9724342242894323
