RMSE,MAE,R2
0.12396527732228103,0.08429452438593604,0.9722286391490808
