RMSE,MAE,R2
0.10629210376305241,0.07556492942674352,0.9753386206369548
