RMSE,MAE,R2
0.07715722500963168,0.05475508517061674,0.9569385650296408
