RMSE,MAE,R2
0.0715253558475307,0.050687704582842184,0.952376503657159
