RMSE,MAE,R2
0.10503271556869183,0.07427821534960075,0.9749984941372272
