RMSE,MAE,R2
0.06959805755244136,0.048363899373024995,0.9385402569529123
