RMSE,MAE,R2
0.12426949793589319,0.08489699562193581,0.9749115252718777
