RMSE,MAE,R2
0.12678462197548332,0.08669826416689667,0.9754382192916665
