RMSE,MAE,R2
0.09690118651385306,0.06722502735121672,0.968148452128788
