RMSE,MAE,R2
0.07115841044579323,0.05019171560859857,0.9471909285696746
