RMSE,MAE,R2
0.08759980239372304,0.06141377159111205,0.96425616420028
