RMSE,MAE,R2
0.07807256129124289,0.05526902346395204,0.9610900909683406
