RMSE,MAE,R2
0.14059036617463952,0.09881197621145889,0.9748879459405803
