RMSE,MAE,R2
0.11053493313348071,0.07840461311551872,0.9747828305108484
