RMSE,MAE,R2
0.06971107993571911,0.048439998177788914,0.937478016726142
