RMSE,MAE,R2
0.07081936968461436,0.04970824023160537,0.9463106373606647
