RMSE,MAE,R2
0.08458488364005798,0.05941867839970382,0.9634891851258094
