RMSE,MAE,R2
0.14027848953292577,0.09830306636235228,0.9744699306163391
