RMSE,MAE,R2
0.12485801246704802,0.08531100142902534,0.9758942225502273
