RMSE,MAE,R2
0.12477000504405877,0.08526705964255679,0.976003192850857
