RMSE,MAE,R2
0.13145803282272012,0.09103522627941248,0.9752005681307143
