RMSE,MAE,R2
0.07843561131688839,0.05561407484890979,0.9603706569310372
