RMSE,MAE,R2
0.10182585222961553,0.07147195934927868,0.9735158809155199
