RMSE,MAE,R2
0.09578881077076613,0.0663919016057247,0.9674148681442242
