RMSE,MAE,R2
0.10057690125826613,0.07030329529230381,0.9721779682755194
