RMSE,MAE,R2
0.10855451071492578,0.0772034960002475,0.9751640946576025
