RMSE,MAE,R2
0.10153540190293217,0.07111431110086623,0.9730757714508431
