RMSE,MAE,R2
0.08881081488040303,0.06195885425589773,0.9640674896070718
