RMSE,MAE,R2
0.0807979443149238,0.05731095096561509,0.9634335859668081
