RMSE,MAE,R2
0.12847393228407042,0.08674245780123807,0.7638466941709623
