RMSE,MAE,R2
0.13371071721546574,0.09318732724426954,0.9751207085154908
