RMSE,MAE,R2
0.07015599764175698,0.04884871954789152,0.9431664725393271
