RMSE,MAE,R2
0.10914744051468805,0.0776607098756319,0.9751228607305789
