RMSE,MAE,R2
0.08055948725532681,0.057198041446267035,0.9628142394959758
