RMSE,MAE,R2
0.12886160784051534,0.08854570218975091,0.975273264622692
