RMSE,MAE,R2
0.08536720480188394,0.05983626556693215,0.963469546257268
