RMSE,MAE,R2
0.0792037323790414,0.05604173713196715,0.9616737254084085
