RMSE,MAE,R2
0.09513630600559106,0.0659444386610579,0.9670984140499757
