RMSE,MAE,R2
0.07809899951337292,0.05533375908620795,0.961641665770601
