RMSE,MAE,R2
0.14029779658467173,0.09835598042290264,0.9747140354773722
