RMSE,MAE,R2
0.09128210678369478,0.06332767335378407,0.9645483912486782
