RMSE,MAE,R2
0.0940568231476644,0.06517233519886513,0.9663695284745507
