RMSE,MAE,R2
0.14289026631406468,0.1016228238823428,0.9754736812203034
