RMSE,MAE,R2
0.07197934951098271,0.051011948489099526,0.9480613643867843
