RMSE,MAE,R2
0.07707127097189459,0.054676077985945634,0.9552936552035064
