RMSE,MAE,R2
0.10534162805421496,0.0747345033718769,0.9752315010984076
