RMSE,MAE,R2
0.07121662257773882,0.050313032811459185,0.9474436682485471
