RMSE,MAE,R2
0.07175296795831411,0.05095413831805819,0.952662899799032
