RMSE,MAE,R2
0.07722221984399436,0.054804999976898396,0.9563551646553364
