RMSE,MAE,R2
0.1229327266549319,0.0836215598972494,0.9717975996322076
