RMSE,MAE,R2
0.14199552523600872,0.10051728288578675,0.9752641944321363
