RMSE,MAE,R2
0.10132145116741335,0.07094935042798126,0.9728331199449102
