RMSE,MAE,R2
0.07154662149996313,0.050664114197253474,0.9510668134430795
