RMSE,MAE,R2
0.12423117762277636,0.08478726743021762,0.975281784517112
