RMSE,MAE,R2
0.0925524624769763,0.06407872962246258,0.9651589947348358
