RMSE,MAE,R2
0.10535680185520176,0.07480699879229166,0.9753897332330297
