RMSE,MAE,R2
0.07800361383187118,0.05520770566985916,0.9613855548545166
