RMSE,MAE,R2
0.07628274698520575,0.054018559770846096,0.9535466073681723
