RMSE,MAE,R2
0.11275285687080304,0.07930970034728824,0.9741491317155905
