RMSE,MAE,R2
0.08263941745286003,0.05821603637638412,0.9633742486964804
