RMSE,MAE,R2
0.10018552051490884,0.069935012619078,0.9720188937239964
