RMSE,MAE,R2
0.07101483697696619,0.05004873200567123,0.9469780414796963
