RMSE,MAE,R2
0.07023938445504505,0.04898921700224481,0.9447304175044379
