RMSE,MAE,R2
0.14111863028904142,0.09963412819286041,0.9753291501353517
