RMSE,MAE,R2
0.07146311493453449,0.05059982213864476,0.9478641350636757
