RMSE,MAE,R2
0.13174976759029064,0.09131660826174949,0.9752118558212917
