RMSE,MAE,R2
0.12456769056249936,0.08508749561066885,0.97532352564819
