RMSE,MAE,R2
0.071522057251472,0.0506294685811321,0.9517225657542117
