RMSE,MAE,R2
0.07130666406098404,0.05042176897714321,0.9477015977201565
