RMSE,MAE,R2
0.07814703483617196,0.055527813490015045,0.9589731135508348
