RMSE,MAE,R2
0.14288539570837808,0.10150049275726457,0.9754991260133473
