RMSE,MAE,R2
0.09712304441773659,0.06759729739373559,0.970834969672111
