RMSE,MAE,R2
0.10193166240912042,0.07161961702403949,0.9739658297841507
