RMSE,MAE,R2
0.1249640254216133,0.0854490717672747,0.9757118982356228
