RMSE,MAE,R2
0.09255246247697622,0.06407872962246254,0.9651589947348358
