RMSE,MAE,R2
0.13955376356696916,0.09757345317295622,0.9743612183427544
