RMSE,MAE,R2
0.06983820249324833,0.048461371985892364,0.9401367945655519
