RMSE,MAE,R2
0.07022724901446276,0.048990025170414016,0.9444450805506501
