RMSE,MAE,R2
0.1284030857370093,0.08811029479937794,0.9753452609504427
