RMSE,MAE,R2
0.10518049496106573,0.07450260454947853,0.9751232616567717
