RMSE,MAE,R2
0.07861700187848342,0.05586796286582625,0.9594891084476806
