RMSE,MAE,R2
0.1336398442043888,0.09300553152604027,0.9750356473877259
