RMSE,MAE,R2
0.07637899075804375,0.05413931139117195,0.9540716895551979
