RMSE,MAE,R2
0.12834024521419987,0.08797594101776966,0.9752323664321542
