RMSE,MAE,R2
0.13240972787646824,0.09186641501579003,0.9751086906929113
