RMSE,MAE,R2
0.13955376356696889,0.09757345317295597,0.9743612183427545
