RMSE,MAE,R2
0.09028260004875212,0.0626426237821902,0.9638052096641122
