RMSE,MAE,R2
0.14163874771140697,0.10010981641507194,0.9752751934334055
