RMSE,MAE,R2
0.09697109878957227,0.06739150957775158,0.96967830154275
