RMSE,MAE,R2
0.1024058145050595,0.07217334973298031,0.974438045115143
