RMSE,MAE,R2
0.10381720369073205,0.07333700012642339,0.9745068793268049
