RMSE,MAE,R2
0.07160261056921559,0.0507333196323346,0.9507135615127428
