RMSE,MAE,R2
0.09478208355958705,0.06566771534402918,0.9666431527453244
