RMSE,MAE,R2
0.07561596147761399,0.05350239045410934,0.952357632209638
