RMSE,MAE,R2
0.09977544740766156,0.06954400071147983,0.9718699346917431
