RMSE,MAE,R2
0.06971270192835906,0.04832881029507425,0.9408328009864436
