RMSE,MAE,R2
0.07210333217648802,0.0511113220074719,0.9483840060875813
