RMSE,MAE,R2
0.1091474405146882,0.07766070987563205,0.9751228607305789
