RMSE,MAE,R2
0.13202451691357206,0.09052856814794202,0.7607587786960621
