RMSE,MAE,R2
0.14000924378726032,0.09794198899463338,0.974375340204981
