RMSE,MAE,R2
0.10496756123996308,0.07415739800339138,0.9744740024295366
