RMSE,MAE,R2
0.11507439961410797,0.0805620575260175,0.9737907533564151
