RMSE,MAE,R2
0.12415988788909273,0.08467044470458306,0.9739606772233801
