RMSE,MAE,R2
0.06963846238655827,0.048328243341145216,0.9372907083161922
