RMSE,MAE,R2
0.07954488498811697,0.056532251330104595,0.9625878990848344
