RMSE,MAE,R2
0.12416934059547242,0.08457743593945555,0.9732235295086604
