RMSE,MAE,R2
0.08416794254465255,0.059116881775017206,0.9632712197587189
