RMSE,MAE,R2
0.07065125426007515,0.049500538814803145,0.9461836748156123
