RMSE,MAE,R2
0.12477000504405902,0.08526705964255699,0.9760031928508569
