RMSE,MAE,R2
0.1298532389748458,0.08952553429919145,0.9751893514246199
