RMSE,MAE,R2
0.09079569637553472,0.06297662067328624,0.96417448463221
