RMSE,MAE,R2
0.07196963442776157,0.05113887767699626,0.9526414227974923
