RMSE,MAE,R2
0.0964645083810721,0.06688162360806887,0.9677215483046551
