RMSE,MAE,R2
0.07596015279462609,0.05372893347060329,0.952653667899497
