RMSE,MAE,R2
0.104977147241148,0.0742227518823522,0.9748487631935342
