RMSE,MAE,R2
0.07312700968636847,0.051980279437854715,0.9524401133502531
