RMSE,MAE,R2
0.10491933099897524,0.07415960238726606,0.9746917534408359
