RMSE,MAE,R2
0.06978402065081091,0.04849478598703476,0.9424115587697203
