RMSE,MAE,R2
0.1284414802483821,0.08807736954280122,0.975289048244421
