RMSE,MAE,R2
0.12428273694609945,0.0849301896200842,0.9747081802105952
