RMSE,MAE,R2
0.14281385455494008,0.10147539265929535,0.97529521604632
