RMSE,MAE,R2
0.09710940089765219,0.06760640836917378,0.9714824559545518
