RMSE,MAE,R2
0.12976749106422406,0.08887990725867971,0.7675110283376491
