RMSE,MAE,R2
0.10108822873579977,0.07075441914018606,0.9725995032668133
