RMSE,MAE,R2
0.07859550245366966,0.05581699155035725,0.9598668176801037
