RMSE,MAE,R2
0.0971071427150807,0.06765273745491081,0.9705092104472594
