RMSE,MAE,R2
0.14390120676020215,0.10237249192977094,0.9752752005542168
