RMSE,MAE,R2
0.07842192926599698,0.05555993115679349,0.9616878733599757
