RMSE,MAE,R2
0.10802906235644709,0.07679746522963887,0.9751892884472565
