RMSE,MAE,R2
0.13685480153867657,0.09571444638195992,0.9747320003704668
