RMSE,MAE,R2
0.07180296611823148,0.05084085686932979,0.9478340257650794
