RMSE,MAE,R2
0.13289067528410434,0.092265667573792,0.9750703785540171
