RMSE,MAE,R2
0.12416348148588474,0.08470183311483467,0.9741686261898725
