RMSE,MAE,R2
0.12422373194843772,0.08481536672228177,0.9750941663344787
