RMSE,MAE,R2
0.10201823308493368,0.07172742111076183,0.9741567987811766
