RMSE,MAE,R2
0.11805459784387397,0.08169126618457431,0.9729217212356762
