RMSE,MAE,R2
0.07155617204364771,0.050698033599194135,0.9513994094112344
