RMSE,MAE,R2
0.06958540862741762,0.04823975545294795,0.9369256422589869
