RMSE,MAE,R2
0.09808325794122542,0.06835705313447059,0.9716885832683315
