RMSE,MAE,R2
0.12477552493300763,0.08521259686302962,0.9754379999864867
