RMSE,MAE,R2
0.14071217268764286,0.09900483385300902,0.9749721329437628
