RMSE,MAE,R2
0.07774529967942836,0.05521009614851804,0.9583968434914945
