RMSE,MAE,R2
0.12407254895541395,0.08449108799026078,0.9737518757261674
