RMSE,MAE,R2
0.13091303439149457,0.09057634383123779,0.9750921637748492
