RMSE,MAE,R2
0.12498861905453229,0.08548766783875258,0.9755278965410509
