RMSE,MAE,R2
0.14282673893944905,0.10149203996559919,0.9753600552040936
