RMSE,MAE,R2
0.07719871513099162,0.05483027180746114,0.9578697688613115
