RMSE,MAE,R2
0.06947131587242197,0.04817619087813894,0.9367176130656274
