RMSE,MAE,R2
0.10751195842394456,0.07644024852576034,0.9752055014458625
