RMSE,MAE,R2
0.07019205866047784,0.048971242045196414,0.9450511737047497
