RMSE,MAE,R2
0.13006477646079304,0.08975949900282895,0.9751808227220329
