RMSE,MAE,R2
0.10186992663243943,0.07156962608529259,0.9737552095109692
