RMSE,MAE,R2
0.12684616999493273,0.08687180226668524,0.9754962022387245
