RMSE,MAE,R2
0.06976395007359844,0.048471416455556,0.942031651496928
