RMSE,MAE,R2
0.07428425749948389,0.052606680464771564,0.9520342495936911
