RMSE,MAE,R2
0.14239496372344174,0.10093953701760502,0.9752447360540986
