RMSE,MAE,R2
0.07246804045459947,0.051479873775204285,0.9524207718053997
