RMSE,MAE,R2
0.07718935700419119,0.05477741352018009,0.9574120361456924
