RMSE,MAE,R2
0.08663562156536299,0.060874045597784386,0.9642980475088521
